Kai,Danilovich,599-460-9206,kdanilovich0@example.com,kdanilovich0@soundcloud.com
Tuesday,,102-839-0908,tkern1@scientificamerican.com,tkern1@slate.com
Joline,Vinsen,237-932-9093,jvinsen2@bloglines.com,jvinsen2@ox.ac.uk
Salaidh,Flannigan,394-372-4685,sflannigan3@mediafire.com
Cindie,Mulchrone,335-121-7031,cmulchrone4@bigcartel.com,cmulchrone4@elegantthemes.com
Adoree,Hargreaves,216-589-0511,ahargreaves5@huffingtonpost.com
Gaby,Yockley,591-535-2077,gyockley6@cnbc.com,gyockley6@photobucket.com
Corri,Jakoub,378-360-7350,cjakoub7@linkedin.com,cjakoub7@npr.org
Priscilla,,638-249-0797,pbuchett8@dedecms.com
Blancha,Hencke,777-800-5437,bhencke9@ucoz.com,bhencke9@constantcontact.com
Ermentrude,Riches,166-907-8139,erichesa@quantcast.com,erichesa@g.co
Ede,Dewer,392-134-6664,edewerb@dailymotion.com,edewerb@g.co
Paola,,114-605-2285,pwalesac@dmoz.org
Dedra,Lawles,640-208-1867,904-847-6426,dlawlesd@cyberchimps.com,swilboreu@1688.com,swilboreu@blogger.com
Roda,Brundale,784-943-0742,694-614-6308,rbrundalee@mapy.cz,rbrundalee@cyberchimps.com,jwincerv@nature.com
Farrah,Bason,717-241-5030,466-124-3666,fbasonf@yahoo.com,fbasonf@pcworld.com,rlisimorew@dropbox.com,rlisimorew@woothemes.com
Jemmie,Crowter,585-600-3781,804-714-5413,jcrowterg@barnesandnoble.com,jcrowterg@businesswire.com,ldigancex@icq.com,ldigancex@rambler.ru
Lisabeth,Simkovitz,265-173-0774,lsimkovitzh@unblog.fr,lsimkovitzh@wordpress.com
Thomasina,Eglise,214-244-7072,teglisei@senate.gov,teglisei@yahoo.co.jp
Reena,,482-836-5071,rcollyerj@weibo.com,rcollyerj@webnode.com
Kimmy,Thurlborn,527-958-8225,kthurlbornk@networkadvertising.org,kthurlbornk@vinaora.com
Anabal,Cunney,921-553-1864,acunneyl@weather.com
Nerte,Tofts,525-432-7030,ntoftsm@symantec.com,ntoftsm@mlb.com
Meredithe,Joburn,501-526-2556,mjoburnn@mail.ru
Giuditta,Joerning,457-507-8928,gjoerningo@netlog.com
Corliss,,257-629-3800,cfrostdickep@csmonitor.com,cfrostdickep@theglobeandmail.com
Gunilla,,128-240-2575,gbellowsq@cnet.com
Clarie,Brotherton,214-711-2017,cbrothertonr@hubpages.com,cbrothertonr@vimeo.com
Coraline,Blennerhassett,843-129-0388,cblennerhassetts@twitpic.com,cblennerhassetts@xing.com
Trudie,Lucien,809-139-4842,tlucient@goo.ne.jp,tlucient@tmall.com
Kipp,Haukey,926-967-7519,khaukeyy@wsj.com,khaukeyy@arizona.edu
Rozamond,Beevens,355-945-3423,rbeevensz@kickstarter.com
Karlen,Schruurs,464-584-1992,kschruurs10@comcast.net
Adorne,Stango,238-628-5373,953-740-4427,astango11@mysql.com,astango11@disqus.com,ctorns1y@independent.co.uk,ctorns1y@epa.gov
Erminia,Klimashevich,195-383-7202,361-437-3547,eklimashevich12@dailymail.co.uk,dasgodby1z@sakura.ne.jp,dasgodby1z@newyorker.com
Roxanne,Delue,841-202-8626,970-998-5164,rdelue13@ask.com,rdelue13@jalbum.net,cbranson20@symantec.com,cbranson20@yahoo.com
Lesly,,991-507-7688,loneil14@yahoo.com,loneil14@wp.com
Olva,Congreave,503-719-2126,ocongreave15@ebay.com,ocongreave15@amazon.co.jp
Zorana,Hartrick,293-939-4620,zhartrick16@barnesandnoble.com,zhartrick16@rediff.com
,Lawles,824-389-7620,dbeebis17@gizmodo.com
,Brundale,561-861-3692,bjenik18@ocn.ne.jp
,Bason,599-724-1485,rsola19@xinhuanet.com,rsola19@wordpress.org
,Crowter,444-592-5145,bjolliffe1a@gmpg.org,bjolliffe1a@businesswire.com
Silvana,,887-819-5865,swesgate1b@ezinearticles.com,swesgate1b@timesonline.co.uk
Ulla,Zanetto,214-998-6599,uzanetto1c@ed.gov,uzanetto1c@npr.org
Esme,Antoniat,313-425-1012,eantoniat1d@reddit.com,eantoniat1d@ask.com
Mercie,Wilbud,266-339-6258,mwilbud1e@aol.com
Nat,,907-550-7481,nbracey1f@sfgate.com,nbracey1f@eepurl.com
Tracy,Latchford,367-952-5821,tlatchford1g@mayoclinic.com,tlatchford1g@rediff.com
Juline,MacKain,875-432-8145,jmackain1h@bigcartel.com,jmackain1h@tripod.com
Tessie,Kevern,880-927-5014,tkevern1i@cornell.edu,tkevern1i@bigcartel.com
Reeba,Folder,162-411-4473,rfolder1j@unesco.org,rfolder1j@nih.gov
Matilda,Blunkett,727-825-6620,mblunkett1k@liveinternet.ru
Kristyn,Manz,373-958-1746,kmanz1l@devhub.com
Lesli,,528-777-6039,lmcgirl1m@deviantart.com,lmcgirl1m@diigo.com
Anet,Prazor,926-399-0000,aprazor1n@hhs.gov,aprazor1n@macromedia.com
Shaylah,Cerro,481-966-9650,scerro1o@nasa.gov,scerro1o@walmart.com
Gwenneth,Morot,282-344-1171,gmorot1p@privacy.gov.au,gmorot1p@issuu.com
Arabella,Horribine,838-815-7143,ahorribine1q@xinhuanet.com,ahorribine1q@wiley.com
Herta,,978-427-1394,hcawthorne1r@harvard.edu
Janine,Giannazzo,706-970-5387,jgiannazzo1s@google.es,jgiannazzo1s@about.com
Lauree,Sorel,477-272-0167,lsorel1t@ycombinator.com
Oralia,Antognetti,633-811-3513,oantognetti1u@cpanel.net
Anallese,Chaffin,942-959-2101,achaffin1v@foxnews.com,achaffin1v@1688.com
Lisetta,,574-602-4996,lpledger1w@goo.gl,lpledger1w@state.gov
Rita,Warcop,907-965-1277,356-110-8798,rwarcop1x@homestead.com,rwarcop1x@usda.gov,gvenmore2r@businesswire.com,gvenmore2r@google.de
Lesly,Oneil,720-779-4068,mbreede21@etsy.com,mbreede21@nifty.com
Maegan,Rotter,175-980-7661,mrotter22@thetimes.co.uk
Angelina,Mellers,967-501-6581,amellers23@earthlink.net,amellers23@google.de
Josefa,Attwooll,547-533-0751,jattwooll24@instagram.com,jattwooll24@clickbank.net
Juieta,Fitzsimon,720-980-1453,jfitzsimon25@xing.com,jfitzsimon25@linkedin.com
Dorette,Arstall,665-765-1706,darstall26@wordpress.org,darstall26@vinaora.com
Maud,Kyston,974-659-8433,mkyston27@weebly.com
Miguelita,Kopje,279-959-6332,mkopje28@nationalgeographic.com,mkopje28@kickstarter.com
Lebbie,Goldsmith,456-936-1650,lgoldsmith29@webmd.com
Oralia,Shackelton,898-132-2620,oshackelton2a@over-blog.com,oshackelton2a@addtoany.com
Nevsa,Alvarado,543-287-5935,nalvarado2b@blogs.com,nalvarado2b@devhub.com
Corry,Grainge,672-150-7691,cgrainge2c@smh.com.au
Brina,Hansard,148-768-3298,bhansard2d@woothemes.com,bhansard2d@bizjournals.com
Joey,Borthwick,159-104-5088,jborthwick2e@apple.com,jborthwick2e@boston.com
Emlynne,Wrettum,854-563-6445,ewrettum2f@weebly.com,ewrettum2f@jimdo.com
Adrianne,Seabert,626-658-6968,aseabert2g@mapy.cz,aseabert2g@aboutads.info
Ortensia,Sharper,490-396-7636,osharper2h@netscape.com,osharper2h@bloglines.com
Cher,McGillacoell,929-734-0697,cmcgillacoell2i@hexun.com,cmcgillacoell2i@mlb.com
Monica,,594-743-4339,mforsdyke2j@bbb.org,mforsdyke2j@guardian.co.uk
Marion,McCahill,882-467-2918,mmccahill2k@discovery.com,mmccahill2k@usgs.gov
Audie,Roseburgh,559-725-6455,aroseburgh2l@i2i.jp,aroseburgh2l@hao123.com
Lizbeth,Gormley,969-626-9945,lgormley2m@newsvine.com
Harriette,Nielson,918-340-7597,hnielson2n@ucoz.ru,hnielson2n@blinklist.com
Florry,Bryson,393-144-8459,fbryson2o@marketwatch.com,fbryson2o@themeforest.net
Anallese,,103-355-1200,jrawdales2p@infoseek.co.jp,jrawdales2p@wix.com
Lisetta,Pledger,300-198-2024,smatzkaitis2q@reuters.com
Henry,Chen,0452 611 415,alpha@beta.gamam
Alex,Holt
Ura,Nimps
